Noise level,A fit,k fit,Reduced chi-squared
y_noise_1,4.714813876798418,0.9183078522857127,0.7906732087457295
y_noise_2,5.063888701445368,0.9183078522857127,3.9022461843798997
y_noise_3,5.609395996161149,0.9183078522857127,10.431633294098921
y_noise_4,5.738726729709872,0.9183078522857127,12.981196551022855
y_noise_5,4.943458491886887,0.9183078522857127,29.011140214601433
